Division,match_date,home_team,away_team,home_win_odds,draw_odds,away_win_odds,p_home_implied,p_draw_implied,p_away_implied,pnorm_home_win,pnorm_draw,pnorm_away_win
E0,2024-08-16,Man United,Fulham,1.62,4.36,5.15,0.6172839506172839,0.2293577981651376,0.1941747572815534,0.5930766345661143,0.22036333669658376,0.18656002873730199
E0,2024-08-17,Ipswich,Liverpool,8.28,5.76,1.34,0.12077294685990339,0.1736111111111111,0.7462686567164178,0.11605499621089098,0.16682905705315576,0.7171159467359531
E0,2024-08-17,Arsenal,Wolves,1.18,7.86,15.87,0.8474576271186441,0.1272264631043257,0.06301197227473221,0.816672297164586,0.12260474690257142,0.06072295593284257
E0,2024-08-17,Everton,Brighton,2.67,3.41,2.68,0.37453183520599254,0.29325513196480935,0.3731343283582089,0.3598080246937884,0.28172651786874336,0.3584654574374682
E0,2024-08-17,Newcastle,Southampton,1.35,5.62,8.1,0.7407407407407407,0.17793594306049823,0.1234567901234568,0.7107925801011804,0.17074198988195619,0.11846543001686342
E0,2024-08-17,Nottingham Forest,Bournemouth,2.45,3.49,2.89,0.4081632653061224,0.28653295128939826,0.3460207612456747,0.3921942987350829,0.2753226452438261,0.3324830560210911
E0,2024-08-17,West Ham,Aston Villa,2.44,3.69,2.79,0.4098360655737705,0.2710027100271003,0.35842293906810035,0.3943530871858517,0.26076464301720276,0.3448822697969456
E0,2024-08-18,Brentford,Crystal Palace,2.46,3.44,2.9,0.4065040650406504,0.29069767441860467,0.3448275862068966,0.39010808527944185,0.278972642380066,0.33091927234049207
E0,2024-08-18,Chelsea,Man City,4.05,4.0,1.83,0.2469135802469136,0.25,0.5464480874316939,0.23665195674312597,0.23961010620241502,0.523737937054459
E0,2024-08-19,Leicester,Tottenham,5.01,4.37,1.63,0.1996007984031936,0.22883295194508008,0.6134969325153374,0.191568212440598,0.2196239689536375,0.5888078186057644
E0,2024-08-24,Brighton,Man United,2.5,3.72,2.69,0.4,0.26881720430107525,0.3717472118959108,0.38440676403475754,0.25833787905561656,0.35725535690962595
E0,2024-08-24,Crystal Palace,West Ham,2.17,3.63,3.25,0.4608294930875576,0.27548209366391185,0.3076923076923077,0.44140591384774247,0.26387075290622625,0.29472333324603117
E0,2024-08-24,Fulham,Leicester,1.83,3.73,4.38,0.5464480874316939,0.2680965147453083,0.22831050228310504,0.5239923409250545,0.2570793522500938,0.2189283068248516
E0,2024-08-24,Man City,Ipswich,1.09,12.17,26.97,0.9174311926605504,0.08216926869350863,0.03707823507601039,0.884971588419669,0.07926204037612485,0.035766371204206136
E0,2024-08-24,Southampton,Nottingham Forest,2.57,3.32,2.84,0.38910505836575876,0.30120481927710846,0.35211267605633806,0.37326999208234357,0.2889469517022961,0.33778305621536026
E0,2024-08-24,Tottenham,Everton,1.44,4.95,6.75,0.6944444444444444,0.20202020202020202,0.14814814814814814,0.6647864625302176,0.19339242546333602,0.14182111200644643
E0,2024-08-24,Aston Villa,Arsenal,4.41,3.92,1.78,0.22675736961451246,0.25510204081632654,0.5617977528089888,0.2172718950259383,0.2444308819041806,0.5382972230698809
E0,2024-08-25,Bournemouth,Newcastle,2.99,3.8,2.25,0.33444816053511706,0.2631578947368421,0.4444444444444444,0.3209519698192534,0.2525385236209388,0.4265095065598078
E0,2024-08-25,Wolves,Chelsea,4.37,4.0,1.77,0.22883295194508008,0.25,0.5649717514124294,0.21922966164936256,0.23950840535192863,0.5412619329987087
E0,2024-08-25,Liverpool,Brentford,1.25,6.78,10.37,0.8,0.14749262536873156,0.09643201542912247,0.7663388416510348,0.14128665959642972,0.09237449875253553
E0,2024-08-31,Arsenal,Brighton,1.35,5.66,8.11,0.7407407407407407,0.17667844522968199,0.12330456226880396,0.7117553932962332,0.16976497896641604,0.1184796277373508
E0,2024-08-31,Brentford,Southampton,1.77,3.97,4.46,0.5649717514124294,0.2518891687657431,0.2242152466367713,0.5426805160095993,0.24195075902694982,0.21536872496345086
E0,2024-08-31,Everton,Bournemouth,2.78,3.4,2.59,0.3597122302158274,0.29411764705882354,0.3861003861003861,0.34590033859424474,0.2828243944976471,0.3712752669081082
E0,2024-08-31,Ipswich,Fulham,3.1,3.5,2.31,0.3225806451612903,0.2857142857142857,0.4329004329004329,0.3098175965665236,0.2744098712446352,0.4157725321888412
E0,2024-08-31,Leicester,Aston Villa,4.62,4.02,1.74,0.21645021645021645,0.24875621890547267,0.5747126436781609,0.20814140332083558,0.23920728441349765,0.5526513122656669
E0,2024-08-31,Nottingham Forest,Wolves,2.03,3.66,3.65,0.4926108374384237,0.27322404371584696,0.273972602739726,0.4737519637708657,0.26276406733739266,0.2634839688917417
E0,2024-08-31,West Ham,Man City,7.57,5.49,1.38,0.1321003963011889,0.18214936247723132,0.7246376811594204,0.12715563902581475,0.17533118168040396,0.6975131792937812
E0,2024-09-01,Chelsea,Crystal Palace,1.63,4.4,5.01,0.6134969325153374,0.22727272727272727,0.1996007984031936,0.5896908429925393,0.21845365319950885,0.1918555038079519
E0,2024-09-01,Newcastle,Tottenham,2.51,3.97,2.56,0.39840637450199207,0.2518891687657431,0.390625,0.38274427100005654,0.24198693204285687,0.37526879695708665
E0,2024-09-01,Man United,Liverpool,3.82,4.2,1.85,0.2617801047120419,0.23809523809523808,0.5405405405405405,0.25161102295910104,0.2288462161199443,0.5195427609209545
E0,2024-09-14,Southampton,Man United,4.56,4.04,1.74,0.2192982456140351,0.24752475247524752,0.5747126436781609,0.21055279994249157,0.23765365538063404,0.5517935446768744
E0,2024-09-14,Brighton,Ipswich,1.38,5.16,7.89,0.7246376811594204,0.19379844961240308,0.1267427122940431,0.6933145326916593,0.18542132851056,0.1212641387977807
E0,2024-09-14,Crystal Palace,Leicester,1.63,4.14,5.38,0.6134969325153374,0.24154589371980678,0.1858736059479554,0.5893815425976693,0.23205118706140124,0.17856727034092956
E0,2024-09-14,Fulham,West Ham,2.42,3.48,2.92,0.4132231404958678,0.28735632183908044,0.3424657534246575,0.39616992077849167,0.27549747364481314,0.32833260557669514
E0,2024-09-14,Liverpool,Nottingham Forest,1.22,7.03,12.4,0.819672131147541,0.14224751066856328,0.08064516129032258,0.7862073692735889,0.13643997020110646,0.07735266052530472
E0,2024-09-14,Man City,Brentford,1.17,8.2,14.79,0.8547008547008548,0.12195121951219513,0.0676132521974307,0.8184709700539154,0.11678183353208306,0.06474719641400142
E0,2024-09-14,Aston Villa,Everton,1.51,4.48,6.34,0.6622516556291391,0.2232142857142857,0.15772870662460567,0.6348303808106139,0.21397184710357742,0.15119777208580865
E0,2024-09-14,Bournemouth,Chelsea,3.33,3.96,2.05,0.3003003003003003,0.25252525252525254,0.48780487804878053,0.28857535911955723,0.24266564289599132,0.46875899798445153
E0,2024-09-15,Tottenham,Arsenal,2.99,3.59,2.33,0.33444816053511706,0.2785515320334262,0.4291845493562232,0.3209107824519,0.26727666839308667,0.4118125491550133
E0,2024-09-15,Wolves,Newcastle,3.36,3.69,2.11,0.2976190476190476,0.2710027100271003,0.47393364928909953,0.2854707247588354,0.25994082254463063,0.4545884526965341
E0,2024-09-21,West Ham,Chelsea,3.49,3.89,2.01,0.28653295128939826,0.2570694087403599,0.49751243781094534,0.27521744180725727,0.24691744779108687,0.47786511040165575
E0,2024-09-21,Aston Villa,Wolves,1.59,4.39,5.35,0.6289308176100629,0.22779043280182235,0.1869158878504673,0.6026336113883678,0.21826593214293963,0.17910045646869252
E0,2024-09-21,Fulham,Newcastle,2.86,3.51,2.45,0.3496503496503497,0.2849002849002849,0.4081632653061224,0.3353272165052973,0.2732295838191311,0.39144319967557145
E0,2024-09-21,Leicester,Everton,2.52,3.44,2.82,0.3968253968253968,0.29069767441860467,0.3546099290780142,0.38078191238813,0.2789448893075836,0.3402731983042864
E0,2024-09-21,Liverpool,Bournemouth,1.29,6.31,9.35,0.7751937984496123,0.1584786053882726,0.10695187165775401,0.7449314961256264,0.1522918589543674,0.10277664492000621
E0,2024-09-21,Southampton,Ipswich,2.25,3.52,3.17,0.4444444444444444,0.2840909090909091,0.31545741324921134,0.4257160189081641,0.27211961435891174,0.302164366732924
E0,2024-09-21,Tottenham,Brentford,1.55,4.72,5.41,0.6451612903225806,0.21186440677966104,0.18484288354898337,0.6192348078289486,0.20335041358789627,0.17741477858315532
E0,2024-09-21,Crystal Palace,Man United,2.85,3.72,2.36,0.3508771929824561,0.26881720430107525,0.42372881355932207,0.33627505056076484,0.2576300790586505,0.4060948703805847
E0,2024-09-22,Brighton,Nottingham Forest,1.86,3.83,4.21,0.5376344086021505,0.2610966057441253,0.23752969121140144,0.5188215723308891,0.2519603458317111,0.22921808183739995
E0,2024-09-22,Man City,Arsenal,1.83,3.62,4.52,0.5464480874316939,0.27624309392265195,0.22123893805309736,0.5234527458043546,0.26461837702264346,0.21192887717300204
E0,2024-09-28,Newcastle,Man City,5.09,4.47,1.61,0.19646365422396858,0.2237136465324385,0.6211180124223602,0.18867236963184156,0.21484169159419989,0.5964859387739586
E0,2024-09-28,Arsenal,Leicester,1.18,7.82,15.12,0.8474576271186441,0.1278772378516624,0.06613756613756615,0.8137110515898687,0.12278504359028708,0.06350390481984425
E0,2024-09-28,Brentford,West Ham,2.23,3.62,3.16,0.4484304932735426,0.27624309392265195,0.3164556962025316,0.43071547446025016,0.26533025084153533,0.30395427469821445
E0,2024-09-28,Chelsea,Brighton,1.74,4.23,4.35,0.5747126436781609,0.23640661938534277,0.2298850574712644,0.5520751761942051,0.22709475332811274,0.22083007047768208
E0,2024-09-28,Everton,Crystal Palace,2.73,3.39,2.63,0.3663003663003663,0.2949852507374631,0.3802281368821293,0.3516999798818949,0.28322741742701274,0.3650726026910925
E0,2024-09-28,Nottingham Forest,Fulham,2.4,3.34,3.07,0.4166666666666667,0.29940119760479045,0.32573289902280134,0.39994851352300126,0.28738815342970153,0.31266333304729743
E0,2024-09-28,Wolves,Liverpool,8.05,5.55,1.35,0.12422360248447203,0.1801801801801802,0.7407407407407407,0.1188578227245687,0.1723973825104105,0.7087447947650208
E0,2024-09-29,Ipswich,Aston Villa,4.15,3.77,1.87,0.24096385542168672,0.26525198938992045,0.53475935828877,0.23147895810007255,0.2548110546724937,0.5137099872274337
E0,2024-09-29,Man United,Tottenham,2.36,3.89,2.77,0.42372881355932207,0.2570694087403599,0.36101083032490977,0.40672406569307246,0.24675290360813648,0.346523030698791
E0,2024-09-30,Bournemouth,Southampton,1.65,4.29,4.91,0.6060606060606061,0.2331002331002331,0.20366598778004072,0.581170900482564,0.22352726941637077,0.19530183010106528
E0,2024-10-05,Crystal Palace,Liverpool,6.36,4.65,1.49,0.15723270440251572,0.2150537634408602,0.6711409395973155,0.15068868546224465,0.20610323430965072,0.6432080802281047
E0,2024-10-05,Arsenal,Southampton,1.14,9.2,18.63,0.8771929824561404,0.10869565217391305,0.05367686527106817,0.8438073238671105,0.10455873360962022,0.05163394252326924
E0,2024-10-05,Brentford,Wolves,2.09,3.64,3.47,0.47846889952153115,0.2747252747252747,0.2881844380403458,0.45945719825250003,0.2638092154801442,0.2767335862673559
E0,2024-10-05,Leicester,Bournemouth,3.24,3.66,2.17,0.30864197530864196,0.27322404371584696,0.4608294930875576,0.2960039356872918,0.26203627093629106,0.4419597933764172
E0,2024-10-05,Man City,Fulham,1.24,6.85,11.11,0.8064516129032259,0.14598540145985403,0.09000900090009001,0.7736147494406546,0.14004121011772433,0.08634404044162121
E0,2024-10-05,West Ham,Ipswich,1.8,3.96,4.25,0.5555555555555556,0.25252525252525254,0.23529411764705882,0.5324601366742596,0.2420273348519362,0.22551252847380407
E0,2024-10-05,Everton,Newcastle,3.15,3.62,2.23,0.31746031746031744,0.27624309392265195,0.4484304932735426,0.3046252655650356,0.265074471417089,0.43030026301787544
E0,2024-10-06,Aston Villa,Man United,2.21,3.82,3.06,0.45248868778280543,0.2617801047120419,0.32679738562091504,0.43463969658659923,0.2514538558786346,0.3139064475347661
E0,2024-10-06,Chelsea,Nottingham Forest,1.48,4.73,6.32,0.6756756756756757,0.2114164904862579,0.1582278481012658,0.6463816500748147,0.20225049516082996,0.15136785476435535
E0,2024-10-06,Brighton,Tottenham,2.9,4.01,2.23,0.3448275862068966,0.24937655860349128,0.4484304932735426,0.33072715370419,0.23917923833968852,0.4300936079561215
E0,2024-10-19,Tottenham,West Ham,1.5,4.91,5.73,0.6666666666666666,0.20366598778004072,0.17452006980802792,0.6380484552425143,0.19492315333274365,0.16702839142474196
E0,2024-10-19,Fulham,Aston Villa,2.44,3.5,2.89,0.4098360655737705,0.2857142857142857,0.3460207612456747,0.3934787175277944,0.2743108773622338,0.3322104051099717
E0,2024-10-19,Ipswich,Everton,2.4,3.42,3.01,0.4166666666666667,0.29239766081871343,0.33222591362126247,0.40014459966882016,0.2808032278377685,0.31905217249341145
E0,2024-10-19,Man United,Brentford,1.71,4.28,4.48,0.5847953216374269,0.2336448598130841,0.2232142857142857,0.5614100837383615,0.22430169233471922,0.21428822392691924
E0,2024-10-19,Newcastle,Brighton,2.01,3.88,3.51,0.49751243781094534,0.2577319587628866,0.2849002849002849,0.47831080297969636,0.2477847201003066,0.27390447691999703
E0,2024-10-19,Southampton,Leicester,2.33,3.54,3.03,0.4291845493562232,0.2824858757062147,0.33003300330033003,0.4120026273032115,0.2711768705131307,0.3168205021836577
E0,2024-10-19,Bournemouth,Arsenal,4.94,4.09,1.68,0.20242914979757085,0.24449877750611249,0.5952380952380952,0.19423886925795053,0.23460636042402827,0.5711547703180212
E0,2024-10-20,Wolves,Man City,8.88,5.85,1.31,0.1126126126126126,0.17094017094017094,0.7633587786259541,0.10756650005684665,0.16328043085552107,0.7291530690876322
E0,2024-10-20,Liverpool,Chelsea,1.63,4.39,4.89,0.6134969325153374,0.22779043280182235,0.20449897750511248,0.5866369710467706,0.21781737193763923,0.1955456570155902
E0,2024-10-21,Nottingham Forest,Crystal Palace,2.36,3.31,3.11,0.42372881355932207,0.3021148036253776,0.3215434083601286,0.40455801267817637,0.28844619635060303,0.3069957909712206
E0,2024-10-25,Leicester,Nottingham Forest,3.09,3.32,2.41,0.3236245954692557,0.30120481927710846,0.41493775933609955,0.311247174883008,0.2896848705989442,0.39906795451804755
E0,2024-10-26,Aston Villa,Bournemouth,1.86,3.97,3.97,0.5376344086021505,0.2518891687657431,0.2518891687657431,0.5162548764629389,0.24187256176853056,0.24187256176853056
E0,2024-10-26,Brentford,Ipswich,1.67,4.27,4.86,0.5988023952095809,0.234192037470726,0.20576131687242796,0.5764612089679522,0.22545438383524125,0.1980844071968066
E0,2024-10-26,Brighton,Wolves,1.64,4.32,4.94,0.6097560975609756,0.23148148148148145,0.20242914979757085,0.5842440701723647,0.22179635997284214,0.19395956985479315
E0,2024-10-26,Man City,Southampton,1.11,10.94,21.04,0.9009009009009008,0.09140767824497258,0.047528517110266164,0.8663865754977692,0.08790576771503875,0.04570765678719221
E0,2024-10-26,Everton,Fulham,2.76,3.37,2.6,0.3623188405797102,0.29673590504451036,0.3846153846153846,0.34715838853846404,0.28431962978224345,0.36852198167929245
E0,2024-10-27,Chelsea,Newcastle,1.76,4.26,4.15,0.5681818181818182,0.2347417840375587,0.24096385542168672,0.5442941324975525,0.22487269323842543,0.23083317426402222
E0,2024-10-27,Crystal Palace,Tottenham,3.97,3.97,1.85,0.2518891687657431,0.2518891687657431,0.5405405405405405,0.24119947848761408,0.24119947848761408,0.5176010430247717
E0,2024-10-27,West Ham,Man United,2.89,3.71,2.33,0.3460207612456747,0.2695417789757412,0.4291845493562232,0.3312005026839183,0.25799715707723014,0.4108023402388515
E0,2024-10-27,Arsenal,Liverpool,2.49,3.37,2.89,0.4016064257028112,0.29673590504451036,0.3460207612456747,0.3845467431603801,0.2841309764003996,0.3313222804392203
E0,2024-11-02,Newcastle,Arsenal,3.77,3.69,1.98,0.26525198938992045,0.2710027100271003,0.5050505050505051,0.25473030217452697,0.26025291035175246,0.48501678747372046
E0,2024-11-02,Bournemouth,Man City,5.32,4.44,1.59,0.18796992481203006,0.2252252252252252,0.6289308176100629,0.18037159676232523,0.21612092224675003,0.6035074809909247
E0,2024-11-02,Ipswich,Leicester,2.27,3.61,3.09,0.44052863436123346,0.2770083102493075,0.3236245954692557,0.42311266542506987,0.2660569946024678,0.31083033997246234
E0,2024-11-02,Liverpool,Brighton,1.39,5.4,7.12,0.7194244604316548,0.18518518518518517,0.1404494382022472,0.6884055376109205,0.17720068468132952,0.13439377770774993
E0,2024-11-02,Nottingham Forest,West Ham,2.15,3.52,3.43,0.46511627906976744,0.2840909090909091,0.29154518950437314,0.44690388323999386,0.2729668605017008,0.28012925625830515
E0,2024-11-02,Southampton,Everton,2.65,3.48,2.66,0.37735849056603776,0.28735632183908044,0.37593984962406013,0.36261644168318463,0.27613033633920664,0.36125322197760873
E0,2024-11-02,Wolves,Crystal Palace,2.53,3.4,2.85,0.3952569169960475,0.29411764705882354,0.3508771929824561,0.3799627487501226,0.2827369865699441,0.33730026467993335
E0,2024-11-03,Tottenham,Aston Villa,1.93,4.07,3.55,0.5181347150259068,0.24570024570024568,0.28169014084507044,0.49557367321669277,0.23500176641479528,0.2694245603685118
E0,2024-11-03,Man United,Chelsea,2.58,3.78,2.56,0.38759689922480617,0.2645502645502646,0.390625,0.37169854805254665,0.2536990089882462,0.37460244295920725
E0,2024-11-04,Fulham,Brentford,2.03,3.73,3.52,0.4926108374384237,0.2680965147453083,0.2840909090909091,0.47148895217096215,0.2566012259804432,0.27190982184859463
E0,2024-11-09,Brentford,Bournemouth,2.53,3.59,2.72,0.3952569169960475,0.2785515320334262,0.3676470588235294,0.37952357447403917,0.26746368897474065,0.3530127365512202
E0,2024-11-09,Crystal Palace,Fulham,2.7,3.48,2.61,0.37037037037037035,0.28735632183908044,0.3831417624521073,0.3558282208588957,0.27607361963190186,0.3680981595092025
E0,2024-11-09,West Ham,Everton,2.18,3.47,3.38,0.4587155963302752,0.2881844380403458,0.2958579881656805,0.4399060821556095,0.2763675098268671,0.28372640801752336
E0,2024-11-09,Wolves,Southampton,1.96,3.84,3.67,0.5102040816326531,0.2604166666666667,0.2724795640326976,0.4891227388207855,0.24965639793977595,0.2612208632394386
E0,2024-11-09,Brighton,Man City,4.34,4.17,1.75,0.2304147465437788,0.23980815347721823,0.5714285714285714,0.22120138343694967,0.23021918563941524,0.5485794309236351
E0,2024-11-09,Liverpool,Aston Villa,1.42,5.26,6.7,0.7042253521126761,0.19011406844106465,0.14925373134328357,0.6748083300781998,0.18217259100970415,0.14301907891209606
E0,2024-11-10,Man United,Leicester,1.39,5.35,7.46,0.7194244604316548,0.1869158878504673,0.13404825737265416,0.6914959050122235,0.17965968373214777,0.12884441125562876
E0,2024-11-10,Nottingham Forest,Newcastle,2.69,3.31,2.72,0.3717472118959108,0.3021148036253776,0.3676470588235294,0.3569313230705799,0.29007409639270687,0.3529945805367132
E0,2024-11-10,Tottenham,Ipswich,1.26,6.76,9.98,0.7936507936507936,0.14792899408284024,0.1002004008016032,0.7618217378146555,0.1419963594151577,0.09618190277018696
E0,2024-11-10,Chelsea,Arsenal,2.75,3.49,2.53,0.36363636363636365,0.28653295128939826,0.3952569169960475,0.34783550721497597,0.2740824197252676,0.37808207305975655
E0,2024-11-23,Leicester,Chelsea,6.75,4.81,1.46,0.14814814814814814,0.2079002079002079,0.684931506849315,0.14231605569752617,0.19971587857760953,0.6579680657248642
E0,2024-11-23,Arsenal,Nottingham Forest,1.37,4.97,8.9,0.7299270072992701,0.2012072434607646,0.11235955056179775,0.6995029643440568,0.19282073665017263,0.10767629900577054
E0,2024-11-23,Aston Villa,Crystal Palace,1.63,4.11,5.45,0.6134969325153374,0.24330900243309,0.18348623853211007,0.5897352187729548,0.23388525708027158,0.17637952414677363
E0,2024-11-23,Bournemouth,Brighton,2.41,3.62,2.86,0.41493775933609955,0.27624309392265195,0.3496503496503497,0.3986599922988062,0.26540623796688484,0.3359337697343088
E0,2024-11-23,Everton,Brentford,2.46,3.41,2.94,0.4065040650406504,0.29325513196480935,0.3401360544217687,0.39090866554370207,0.28200449185850646,0.3270868425977915
E0,2024-11-23,Fulham,Wolves,1.65,4.09,5.23,0.6060606060606061,0.24449877750611249,0.19120458891013384,0.5817638371767291,0.2346969025285093,0.18353926029476159
E0,2024-11-23,Man City,Tottenham,1.49,5.01,5.92,0.6711409395973155,0.1996007984031936,0.16891891891891891,0.6455384601990646,0.19198648816299524,0.1624750516379402
E0,2024-11-24,Southampton,Liverpool,10.4,5.96,1.28,0.09615384615384615,0.16778523489932887,0.78125,0.09199660415219572,0.16053098711121402,0.7474724087365903
E0,2024-11-24,Ipswich,Man United,5.06,4.22,1.63,0.19762845849802374,0.23696682464454977,0.6134969325153374,0.1885601815809384,0.22609348786719152,0.5853463305518701
E0,2024-11-25,Newcastle,West Ham,1.5,4.57,6.21,0.6666666666666666,0.2188183807439825,0.1610305958132045,0.6370345928255409,0.2090923171199806,0.1538730900544785
E0,2024-11-29,Brighton,Southampton,1.39,5.29,7.57,0.7194244604316548,0.1890359168241966,0.1321003963011889,0.6913814922816885,0.18166734863356276,0.1269511590847486
E0,2024-11-30,Brentford,Leicester,1.66,4.24,4.87,0.6024096385542169,0.23584905660377356,0.2053388090349076,0.5772432725585245,0.22599618689791284,0.19676054054356273
E0,2024-11-30,Crystal Palace,Newcastle,3.04,3.56,2.3,0.32894736842105265,0.2808988764044944,0.4347826086956522,0.31489400978371224,0.2688982555456419,0.41620773467064576
E0,2024-11-30,Nottingham Forest,Ipswich,1.75,3.82,4.79,0.5714285714285714,0.2617801047120419,0.20876826722338204,0.5484080766544883,0.25123406653019753,0.2003578568153141
E0,2024-11-30,Wolves,Bournemouth,2.81,3.61,2.44,0.35587188612099646,0.2770083102493075,0.4098360655737705,0.34129311981525756,0.2656602954794664,0.3930465847052761
E0,2024-11-30,West Ham,Arsenal,7.09,4.68,1.46,0.14104372355430184,0.2136752136752137,0.684931506849315,0.13566456337088556,0.20552601587597838,0.6588094207531361
E0,2024-12-01,Chelsea,Aston Villa,1.71,4.21,4.51,0.5847953216374269,0.23752969121140144,0.22172949002217296,0.56011953401793,0.2275069841260476,0.21237348185602228
E0,2024-12-01,Man United,Everton,1.54,4.33,6.08,0.6493506493506493,0.23094688221709006,0.16447368421052633,0.6215242529120965,0.22105019618582644,0.15742555090207708
E0,2024-12-01,Tottenham,Fulham,1.72,4.35,4.24,0.5813953488372093,0.2298850574712644,0.23584905660377356,0.555227762592267,0.2195383337146435,0.2252339036930894
E0,2024-12-01,Liverpool,Man City,2.09,3.7,3.37,0.47846889952153115,0.27027027027027023,0.29673590504451036,0.4576569169728357,0.25851431256033147,0.2838287704668328
E0,2024-12-03,Ipswich,Crystal Palace,3.09,3.37,2.38,0.3236245954692557,0.29673590504451036,0.42016806722689076,0.31101942368766994,0.2851780472388427,0.4038025290734874
E0,2024-12-03,Leicester,West Ham,2.9,3.44,2.47,0.3448275862068966,0.29069767441860467,0.4048582995951417,0.33144274803204893,0.2794139445619017,0.3891433074060493
E0,2024-12-04,Everton,Wolves,2.14,3.46,3.51,0.4672897196261682,0.28901734104046245,0.2849002849002849,0.4487960266662725,0.2775790453947466,0.27362492793898097
E0,2024-12-04,Man City,Nottingham Forest,1.37,5.21,8.25,0.7299270072992701,0.19193857965451055,0.12121212121212122,0.6997820024193011,0.1840117741486454,0.11620622343205364
E0,2024-12-04,Newcastle,Liverpool,4.27,4.04,1.78,0.234192037470726,0.24752475247524752,0.5617977528089888,0.2244262325778807,0.2372029735414729,0.5383707938806463
E0,2024-12-04,Southampton,Chelsea,8.39,5.64,1.34,0.11918951132300357,0.1773049645390071,0.7462686567164178,0.11430161615733864,0.170033787156041,0.7156645966866203
E0,2024-12-04,Arsenal,Man United,1.46,4.73,6.92,0.684931506849315,0.2114164904862579,0.14450867052023122,0.6580459423489061,0.20311777501678707,0.1388362826343068
E0,2024-12-04,Aston Villa,Brentford,1.8,4.01,4.24,0.5555555555555556,0.24937655860349128,0.23584905660377356,0.5337870929663071,0.23960517888761912,0.22660772814607372
E0,2024-12-05,Fulham,Brighton,2.33,3.65,2.92,0.4291845493562232,0.273972602739726,0.3424657534246575,0.410458251335395,0.2620185549620466,0.3275231937025583
E0,2024-12-05,Bournemouth,Tottenham,2.65,3.92,2.42,0.37735849056603776,0.25510204081632654,0.4132231404958678,0.3608725092629929,0.2439571810068702,0.3951703097301369
E0,2024-12-07,Aston Villa,Southampton,1.37,5.41,7.78,0.7299270072992701,0.18484288354898337,0.12853470437017994,0.6996298210940474,0.1771705831605998,0.1231995957453528
E0,2024-12-07,Brentford,Newcastle,2.86,3.74,2.36,0.3496503496503497,0.267379679144385,0.42372881355932207,0.3359571261095294,0.25690839055434594,0.4071344833361246
E0,2024-12-07,Crystal Palace,Man City,5.39,4.33,1.6,0.1855287569573284,0.23094688221709006,0.625,0.17814027518147013,0.2217496728009524,0.6001100520175775
E0,2024-12-07,Man United,Nottingham Forest,1.67,4.05,5.12,0.5988023952095809,0.2469135802469136,0.1953125,0.5752027051392653,0.2371823500203884,0.1876149448403463
E0,2024-12-08,Fulham,Arsenal,5.4,4.24,1.61,0.18518518518518517,0.23584905660377356,0.6211180124223602,0.17769494278485232,0.22630959694297229,0.5959954602721754
E0,2024-12-08,Ipswich,Bournemouth,3.57,3.73,2.02,0.2801120448179272,0.2680965147453083,0.49504950495049505,0.26849736833665333,0.2569800549495583,0.47452257671378834
E0,2024-12-08,Leicester,Brighton,4.48,4.02,1.75,0.2232142857142857,0.24875621890547267,0.5714285714285714,0.21392992464557875,0.23840946826173956,0.5476606070926816
E0,2024-12-08,Tottenham,Chelsea,3.21,4.04,2.07,0.3115264797507788,0.24752475247524752,0.48309178743961356,0.2989287207918243,0.23751514696578122,0.4635561322423943
E0,2024-12-09,West Ham,Wolves,1.91,3.85,3.81,0.5235602094240838,0.2597402597402597,0.26246719160104987,0.5006467775460679,0.24837281691246485,0.2509804055414671
E0,2024-12-14,Arsenal,Everton,1.23,6.33,13.36,0.8130081300813008,0.1579778830963665,0.07485029940119761,0.7773760772147534,0.1510541192692175,0.07156980351602896
E0,2024-12-14,Liverpool,Fulham,1.32,5.75,8.89,0.7575757575757576,0.17391304347826086,0.11248593925759279,0.7256648349074348,0.16658740557875026,0.10774775951381484
E0,2024-12-14,Newcastle,Leicester,1.31,5.83,9.08,0.7633587786259541,0.17152658662092624,0.11013215859030837,0.7304746200073134,0.16413752181982516,0.10538785817286131
E0,2024-12-14,Wolves,Ipswich,1.9,3.83,3.85,0.5263157894736842,0.2610966057441253,0.2597402597402597,0.5026161056668087,0.24933958244567533,0.24804431188751597
E0,2024-12-14,Nottingham Forest,Aston Villa,2.64,3.39,2.68,0.3787878787878788,0.2949852507374631,0.3731343283582089,0.361816009557945,0.281768219832736,0.35641577060931895
E0,2024-12-15,Brighton,Crystal Palace,1.89,3.82,3.9,0.5291005291005292,0.2617801047120419,0.25641025641025644,0.5052087572230813,0.24995930658419466,0.24483193619272403
E0,2024-12-15,Man City,Man United,1.58,4.59,5.04,0.6329113924050632,0.2178649237472767,0.1984126984126984,0.6032386763670499,0.20765078620042243,0.18911053743252756
E0,2024-12-15,Chelsea,Brentford,1.33,5.89,8.08,0.7518796992481203,0.16977928692699493,0.12376237623762376,0.7192121055502914,0.16240273351135615,0.11838516093835241
E0,2024-12-15,Southampton,Tottenham,4.29,4.47,1.69,0.2331002331002331,0.2237136465324385,0.591715976331361,0.22231148858028232,0.21335934810053944,0.5643291633191783
E0,2024-12-16,Bournemouth,West Ham,1.71,4.19,4.43,0.5847953216374269,0.2386634844868735,0.22573363431151244,0.5573766061395896,0.22747350751758907,0.2151498863428213
E0,2024-12-21,Aston Villa,Man City,3.29,3.71,2.12,0.303951367781155,0.2695417789757412,0.4716981132075471,0.29080932784636493,0.25788751714677643,0.45130315500685875
E0,2024-12-21,Brentford,Nottingham Forest,2.35,3.52,2.99,0.425531914893617,0.2840909090909091,0.33444816053511706,0.40756990779644736,0.2720992282163783,0.32033086398717436
E0,2024-12-21,Ipswich,Newcastle,4.61,3.95,1.74,0.21691973969631234,0.2531645569620253,0.5747126436781609,0.20761904186515787,0.24230981848060196,0.5500711396542401
E0,2024-12-21,West Ham,Brighton,2.8,3.75,2.38,0.35714285714285715,0.26666666666666666,0.42016806722689076,0.3420982023074859,0.2554333243895895,0.40246847330292457
E0,2024-12-21,Crystal Palace,Arsenal,6.08,4.11,1.57,0.16447368421052633,0.24330900243309,0.6369426751592356,0.15743246045707066,0.23289278821873222,0.6096747513241971
E0,2024-12-22,Everton,Chelsea,5.18,4.13,1.63,0.19305019305019305,0.24213075060532688,0.6134969325153374,0.18408912539959038,0.2308914454164354,0.5850194291839743
E0,2024-12-22,Fulham,Southampton,1.42,4.96,7.21,0.7042253521126761,0.20161290322580647,0.13869625520110956,0.6742001772147126,0.19301698621872818,0.13278283656655918
E0,2024-12-22,Leicester,Wolves,2.55,3.56,2.69,0.3921568627450981,0.2808988764044944,0.3717472118959108,0.3753405006682632,0.2688534485123795,0.3558060508193573
E0,2024-12-22,Man United,Bournemouth,1.85,3.88,4.07,0.5405405405405405,0.2577319587628866,0.24570024570024568,0.5177726555865582,0.2468761373286425,0.2353512070847992
E0,2024-12-22,Tottenham,Liverpool,4.29,4.33,1.72,0.2331002331002331,0.23094688221709006,0.5813953488372093,0.22296801698096824,0.22090826624673296,0.5561237167722988
E0,2024-12-26,Man City,Everton,1.34,5.46,8.59,0.7462686567164178,0.18315018315018314,0.11641443538998836,0.71356369544976,0.17512369082466636,0.11131261372557373
E0,2024-12-26,Bournemouth,Crystal Palace,1.9,3.77,3.87,0.5263157894736842,0.26525198938992045,0.25839793281653745,0.5012695020597198,0.25262919201948747,0.24610130592079266
E0,2024-12-26,Chelsea,Fulham,1.47,4.88,6.15,0.6802721088435374,0.20491803278688525,0.16260162601626016,0.6492436091299071,0.1955713330780663,0.15518505779202657
E0,2024-12-26,Newcastle,Aston Villa,1.93,3.91,3.66,0.5181347150259068,0.2557544757033248,0.27322404371584696,0.4948220478757431,0.24424720010234888,0.2609307520219082
E0,2024-12-26,Nottingham Forest,Tottenham,2.35,3.74,2.82,0.425531914893617,0.267379679144385,0.3546099290780142,0.4062273714699493,0.2552498189717596,0.3385228095582911
E0,2024-12-26,Southampton,West Ham,3.24,3.56,2.18,0.30864197530864196,0.2808988764044944,0.4587155963302752,0.2944336530290154,0.2679677066893287,0.4375986402816559
E0,2024-12-26,Wolves,Man United,3.8,3.7,1.94,0.2631578947368421,0.27027027027027023,0.5154639175257733,0.2508912967493883,0.25767214260747984,0.49143656064313185
E0,2024-12-26,Liverpool,Leicester,1.08,12.4,25.35,0.9259259259259258,0.08064516129032258,0.03944773175542406,0.8851905043507646,0.07709723747571176,0.0377122581735237
E0,2024-12-27,Brighton,Brentford,1.64,4.44,4.89,0.6097560975609756,0.2252252252252252,0.20449897750511248,0.5865970691220335,0.21667098949552585,0.19673194138244066
E0,2024-12-27,Arsenal,Ipswich,1.16,8.37,17.31,0.8620689655172414,0.11947431302270013,0.057770075101097634,0.8294601069996307,0.11495504469767881,0.05558484830269044
E0,2024-12-29,Leicester,Man City,7.92,5.62,1.34,0.12626262626262627,0.17793594306049823,0.7462686567164178,0.12019663549015226,0.1693874293740224,0.7104159351358252
E0,2024-12-29,Crystal Palace,Southampton,1.61,4.11,5.42,0.6211180124223602,0.24330900243309,0.18450184501845018,0.5921450311673467,0.2319594890947514,0.1758954797379019
E0,2024-12-29,Everton,Nottingham Forest,2.64,3.16,2.83,0.3787878787878788,0.3164556962025316,0.35335689045936397,0.3612318430789614,0.30178862839508164,0.3369795285259569
E0,2024-12-29,Fulham,Bournemouth,2.35,3.58,2.91,0.425531914893617,0.27932960893854747,0.3436426116838488,0.405846672873822,0.26640773219370995,0.3277455949324679
E0,2024-12-29,Tottenham,Wolves,1.61,4.77,4.56,0.6211180124223602,0.20964360587002098,0.2192982456140351,0.5915072404650213,0.19964919437079343,0.20884356516418523
E0,2024-12-29,West Ham,Liverpool,7.04,5.21,1.4,0.14204545454545456,0.19193857965451055,0.7142857142857143,0.13550467782806103,0.18310037080797495,0.6813949513639639
E0,2024-12-30,Aston Villa,Brighton,1.94,3.86,3.61,0.5154639175257733,0.2590673575129534,0.2770083102493075,0.490199251400107,0.24636957194720405,0.26343117665268906
E0,2024-12-30,Ipswich,Chelsea,6.87,5.02,1.41,0.14556040756914118,0.19920318725099603,0.7092198581560284,0.13810502162829766,0.18900029852318825,0.6728946798485141
E0,2024-12-30,Man United,Newcastle,2.7,3.61,2.49,0.37037037037037035,0.2770083102493075,0.4016064257028112,0.3530749561057233,0.26407268185192606,0.38285236204235057
E0,2025-01-01,Brentford,Arsenal,6.67,4.8,1.44,0.14992503748125938,0.20833333333333334,0.6944444444444444,0.14241914746315892,0.19790327366234794,0.6596775788744931
E0,2025-01-04,Tottenham,Newcastle,2.88,3.94,2.24,0.3472222222222222,0.25380710659898476,0.4464285714285714,0.3314903846153846,0.2423076923076923,0.42620192307692306
E0,2025-01-04,Aston Villa,Leicester,1.32,5.51,9.16,0.7575757575757576,0.18148820326678766,0.1091703056768559,0.7227160776676785,0.17313706397846385,0.10414685835385762
E0,2025-01-04,Bournemouth,Everton,1.75,3.82,4.71,0.5714285714285714,0.2617801047120419,0.21231422505307856,0.5465481155660593,0.2503819901153413,0.20306989431859954
E0,2025-01-04,Crystal Palace,Chelsea,3.65,3.88,1.95,0.273972602739726,0.2577319587628866,0.5128205128205129,0.2622939453294274,0.24674559290010573,0.4909604617704668
E0,2025-01-04,Man City,West Ham,1.31,6.09,8.3,0.7633587786259541,0.16420361247947454,0.12048192771084336,0.7283649793437553,0.15667621066343507,0.11495880999280958
E0,2025-01-04,Southampton,Brentford,2.78,3.54,2.48,0.3597122302158274,0.2824858757062147,0.40322580645161293,0.3440826500697634,0.27021179864235656,0.38570555128788
E0,2025-01-04,Brighton,Arsenal,4.36,3.83,1.8,0.2293577981651376,0.2610966057441253,0.5555555555555556,0.21926922979059058,0.24961196916109002,0.5311188010483194
E0,2025-01-05,Fulham,Ipswich,1.56,4.34,5.68,0.641025641025641,0.2304147465437788,0.17605633802816903,0.6119595654677973,0.2199670327487935,0.16807340178340913
E0,2025-01-05,Liverpool,Man United,1.29,6.05,9.49,0.7751937984496123,0.1652892561983471,0.1053740779768177,0.7412042948008742,0.1580419074864674,0.10075379771265836
E0,2025-01-06,Wolves,Nottingham Forest,3.22,3.22,2.33,0.3105590062111801,0.3105590062111801,0.4291845493562232,0.29568527918781723,0.29568527918781723,0.4086294416243655
E0,2025-01-14,Brentford,Man City,4.76,4.47,1.64,0.21008403361344538,0.2237136465324385,0.6097560975609756,0.2013159629157696,0.21437673008480163,0.5843073069994288
E0,2025-01-14,Chelsea,Bournemouth,1.5,4.81,5.92,0.6666666666666666,0.2079002079002079,0.16891891891891891,0.6388842769384028,0.19923626099950192,0.1618794620620953
E0,2025-01-14,West Ham,Fulham,2.97,3.43,2.41,0.33670033670033667,0.29154518950437314,0.41493775933609955,0.3227623959923627,0.2794764769963024,0.397761127011335
E0,2025-01-14,Nottingham Forest,Liverpool,5.14,4.16,1.64,0.19455252918287938,0.24038461538461536,0.6097560975609756,0.18622933636145264,0.230100670408141,0.5836699932304065
E0,2025-01-15,Everton,Aston Villa,3.2,3.24,2.35,0.3125,0.30864197530864196,0.425531914893617,0.2985648184456121,0.2948788330327033,0.4065563485216846
E0,2025-01-15,Leicester,Crystal Palace,3.88,3.73,1.92,0.2577319587628866,0.2680965147453083,0.5208333333333334,0.2462418682694027,0.2561443562695127,0.4976137754610846
E0,2025-01-15,Newcastle,Wolves,1.35,5.54,8.08,0.7407407407407407,0.18050541516245489,0.12376237623762376,0.7088370266444128,0.1727310443989093,0.1184319289566779
E0,2025-01-15,Arsenal,Tottenham,1.4,5.29,6.86,0.7142857142857143,0.1890359168241966,0.14577259475218657,0.6808594468230412,0.18018964566205248,0.13895090751490635
E0,2025-01-16,Ipswich,Brighton,3.8,3.73,1.94,0.2631578947368421,0.2680965147453083,0.5154639175257733,0.25141233123249784,0.25613052511621764,0.4924571436512845
E0,2025-01-16,Man United,Southampton,1.3,5.79,9.4,0.7692307692307692,0.17271157167530224,0.10638297872340426,0.7337710487643752,0.1647499764065091,0.10147897482911572
E0,2025-01-18,Newcastle,Bournemouth,1.64,4.3,4.93,0.6097560975609756,0.23255813953488372,0.20283975659229211,0.583412684870735,0.22251088446232684,0.19407643066693825
E0,2025-01-18,Brentford,Liverpool,6.43,5.15,1.43,0.15552099533437014,0.1941747572815534,0.6993006993006994,0.1482569317086035,0.18510525648278064,0.6666378118086157
E0,2025-01-18,Leicester,Fulham,4.17,3.81,1.84,0.23980815347721823,0.26246719160104987,0.5434782608695652,0.2293161143440331,0.2509837786915008,0.5197001069644662
E0,2025-01-18,West Ham,Crystal Palace,2.62,3.41,2.69,0.38167938931297707,0.29325513196480935,0.3717472118959108,0.3646565877821021,0.2801760293223189,0.35516738289557903
E0,2025-01-18,Arsenal,Aston Villa,1.51,4.35,6.45,0.6622516556291391,0.2298850574712644,0.15503875968992248,0.6324170808398418,0.2195286878317612,0.14805423132839707
E0,2025-01-19,Everton,Tottenham,2.91,3.51,2.41,0.3436426116838488,0.2849002849002849,0.41493775933609955,0.32932341364852075,0.273028813024842,0.3976477733266371
E0,2025-01-19,Man United,Brighton,2.09,3.71,3.36,0.47846889952153115,0.2695417789757412,0.2976190476190476,0.4575892283577871,0.2577793766220417,0.2846313950201711
E0,2025-01-19,Nottingham Forest,Southampton,1.39,4.86,8.03,0.7194244604316548,0.20576131687242796,0.12453300124533002,0.6853497099726218,0.19601565779052346,0.11863463223685483
E0,2025-01-19,Ipswich,Man City,7.72,5.36,1.36,0.1295336787564767,0.18656716417910446,0.7352941176470588,0.12320173066522448,0.17744726879394268,0.699351000540833
E0,2025-01-20,Chelsea,Wolves,1.37,5.51,7.3,0.7299270072992701,0.18148820326678766,0.136986301369863,0.6962284954658514,0.1731094444261736,0.13066206010797485
E0,2025-01-25,Bournemouth,Nottingham Forest,2.09,3.64,3.42,0.47846889952153115,0.2747252747252747,0.29239766081871343,0.4576058108674396,0.2627461936024584,0.27964799553010194
E0,2025-01-25,Brighton,Everton,1.67,3.86,5.39,0.5988023952095809,0.2590673575129534,0.1855287569573284,0.5738961572729354,0.24829186078906795,0.1778119819379967
E0,2025-01-25,Liverpool,Ipswich,1.1,11.04,20.87,0.9090909090909091,0.09057971014492755,0.0479156684235745,0.8677957317693248,0.08646515443353782,0.04573911379713739
E0,2025-01-25,Southampton,Newcastle,6.82,5.09,1.42,0.14662756598240467,0.19646365422396858,0.7042253521126761,0.14000309921357454,0.1875876496339054,0.67240925115252
E0,2025-01-25,Wolves,Arsenal,6.85,4.65,1.46,0.14598540145985403,0.2150537634408602,0.684931506849315,0.1395693066762605,0.20560209693169554,0.654828596392044
E0,2025-01-25,Man City,Chelsea,2.03,4.03,3.29,0.4926108374384237,0.24813895781637715,0.303951367781155,0.47153277402972443,0.23752147178172217,0.29094575418855334
E0,2025-01-26,Crystal Palace,Brentford,2.06,3.68,3.47,0.4854368932038835,0.2717391304347826,0.2881844380403458,0.4643727317027048,0.25994777915966627,0.2756794891376288
E0,2025-01-26,Tottenham,Leicester,1.46,5.21,5.89,0.684931506849315,0.19193857965451055,0.16977928692699493,0.654403971603377,0.18338383849154138,0.16221218990508163
E0,2025-01-26,Aston Villa,West Ham,1.55,4.39,5.81,0.6451612903225806,0.22779043280182235,0.17211703958691912,0.6173386032980039,0.2179669328273135,0.16469446387468267
E0,2025-01-26,Fulham,Man United,2.31,3.44,3.1,0.4329004329004329,0.29069767441860467,0.3225806451612903,0.4137920330288615,0.27786616171414824,0.3083418052569903
E0,2025-02-01,Nottingham Forest,Brighton,2.44,3.46,2.89,0.4098360655737705,0.28901734104046245,0.3460207612456747,0.3922348529423302,0.27660492519632535,0.3311602218613445
E0,2025-02-01,Bournemouth,Liverpool,4.56,4.32,1.68,0.2192982456140351,0.23148148148148145,0.5952380952380952,0.2096505823627288,0.2212978369384359,0.5690515806988352
E0,2025-02-01,Everton,Leicester,1.79,3.67,4.67,0.5586592178770949,0.2724795640326976,0.21413276231263384,0.5344632415997506,0.2606782568020582,0.20485850159819133
E0,2025-02-01,Ipswich,Southampton,1.98,3.67,3.74,0.5050505050505051,0.2724795640326976,0.267379679144385,0.4833436628447475,0.26076851564920983,0.2558878215060427
E0,2025-02-01,Newcastle,Fulham,1.71,4.07,4.66,0.5847953216374269,0.24570024570024568,0.2145922746781116,0.5595657112510879,0.2351000899851008,0.20533419876381123
E0,2025-02-01,Wolves,Aston Villa,3.36,3.58,2.14,0.2976190476190476,0.27932960893854747,0.4672897196261682,0.2850106397226232,0.26749601940447315,0.4474933408729037
E0,2025-02-02,Brentford,Tottenham,2.11,3.97,3.1,0.47393364928909953,0.2518891687657431,0.3225806451612903,0.4520527315268855,0.2402597641112666,0.30768750436184783
E0,2025-02-02,Man United,Crystal Palace,2.04,3.48,3.71,0.49019607843137253,0.28735632183908044,0.2695417789757412,0.4681489861630841,0.27443216430249756,0.2574188495344182
E0,2025-02-02,Arsenal,Man City,1.97,3.58,3.83,0.5076142131979695,0.27932960893854747,0.2610966057441253,0.48434602301026874,0.2665256048408462,0.24912837214888497
E0,2025-02-03,Chelsea,West Ham,1.36,5.54,7.58,0.7352941176470588,0.18050541516245489,0.13192612137203166,0.7018002419931679,0.1722830918972398,0.12591666610959215
E0,2025-02-12,Everton,Liverpool,7.36,4.71,1.44,0.1358695652173913,0.21231422505307856,0.6944444444444444,0.13031448861016323,0.20363368071566912,0.6660518306741676
E0,2025-02-14,Brighton,Chelsea,2.85,3.6,2.43,0.3508771929824561,0.2777777777777778,0.4115226337448559,0.3373243102550755,0.2670484122852681,0.39562727745965637
E0,2025-02-15,Leicester,Arsenal,9.45,5.29,1.34,0.10582010582010583,0.1890359168241966,0.7462686567164178,0.10164018577014458,0.18156895189562688,0.7167908623342285
E0,2025-02-15,Aston Villa,Ipswich,1.41,4.96,7.45,0.7092198581560284,0.20161290322580647,0.1342281879194631,0.6786397086506728,0.19291975588658242,0.12844053546274478
E0,2025-02-15,Fulham,Nottingham Forest,2.22,3.35,3.39,0.4504504504504504,0.29850746268656714,0.2949852507374631,0.4314894393087962,0.28594225530314255,0.2825683053880612
E0,2025-02-15,Man City,Newcastle,1.97,4.07,3.44,0.5076142131979695,0.24570024570024568,0.29069767441860467,0.4862148599607577,0.2353423277942734,0.2784428122449688
E0,2025-02-15,Southampton,Bournemouth,5.83,4.64,1.52,0.17152658662092624,0.21551724137931036,0.6578947368421053,0.16414992459083544,0.20624871990615748,0.629601355503007
E0,2025-02-15,West Ham,Brentford,2.41,3.64,2.82,0.41493775933609955,0.2747252747252747,0.3546099290780142,0.39734607136497707,0.26307803076637215,0.33957589786865067
E0,2025-02-15,Crystal Palace,Everton,1.81,3.45,4.94,0.5524861878453039,0.2898550724637681,0.20242914979757085,0.5288110981138047,0.27743422828579317,0.1937546736004021
E0,2025-02-16,Liverpool,Wolves,1.19,7.85,12.84,0.8403361344537815,0.12738853503184713,0.0778816199376947,0.803683129065001,0.12183221956526766,0.0744846513697314
E0,2025-02-16,Tottenham,Man United,2.45,3.73,2.69,0.4081632653061224,0.2680965147453083,0.3717472118959108,0.38946616620152386,0.2558155783361216,0.3547182554623545
E0,2025-02-19,Aston Villa,Liverpool,3.93,4.0,1.85,0.2544529262086514,0.25,0.5405405405405405,0.2434971454895444,0.23923594544347737,0.517266909066978
E0,2025-02-21,Leicester,Brentford,3.7,3.86,1.96,0.27027027027027023,0.2590673575129534,0.5102040816326531,0.2599898280388734,0.24921304760202898,0.4907971243590978
E0,2025-02-22,Everton,Man United,2.55,3.2,2.96,0.3921568627450981,0.3125,0.33783783783783783,0.37617156473391583,0.29976171564733917,0.324066719618745
E0,2025-02-22,Arsenal,West Ham,1.25,6.2,11.63,0.8,0.16129032258064516,0.08598452278589853,0.7638873439378772,0.15400954514876553,0.08210311091335738
E0,2025-02-22,Bournemouth,Wolves,1.56,4.45,5.5,0.641025641025641,0.2247191011235955,0.18181818181818182,0.6119208940670551,0.214516088706653,0.173563017226292
E0,2025-02-22,Fulham,Crystal Palace,2.05,3.48,3.74,0.48780487804878053,0.28735632183908044,0.267379679144385,0.46790000071900556,0.27563074754998884,0.25646925173100565
E0,2025-02-22,Ipswich,Tottenham,3.87,3.89,1.89,0.25839793281653745,0.2570694087403599,0.5291005291005292,0.24737304303061503,0.24610120219241136,0.5065257547769737
E0,2025-02-22,Southampton,Brighton,5.52,4.38,1.57,0.1811594202898551,0.22831050228310504,0.6369426751592356,0.17312427304723493,0.2181840153472002,0.6086917116055648
E0,2025-02-22,Aston Villa,Chelsea,2.62,3.7,2.56,0.38167938931297707,0.27027027027027023,0.390625,0.36609310019634217,0.2592334925714639,0.374673407232194
E0,2025-02-23,Newcastle,Nottingham Forest,1.81,3.96,4.11,0.5524861878453039,0.25252525252525254,0.24330900243309,0.527020332034855,0.24088555580381,0.23209411216133513
E0,2025-02-23,Man City,Liverpool,2.9,3.86,2.26,0.3448275862068966,0.2590673575129534,0.4424778761061947,0.3295456262560631,0.24758609226491787,0.422868281479019
E0,2025-02-25,Brighton,Bournemouth,2.06,3.81,3.43,0.4854368932038835,0.26246719160104987,0.29154518950437314,0.46701354765623043,0.2525060126435261,0.2804804397002433
E0,2025-02-25,Crystal Palace,Aston Villa,2.55,3.38,2.83,0.3921568627450981,0.2958579881656805,0.35335689045936397,0.37657720789420845,0.28410410654740575,0.3393186855583857
E0,2025-02-25,Wolves,Fulham,2.71,3.34,2.69,0.36900369003690037,0.29940119760479045,0.3717472118959108,0.35475935702186295,0.28784366991893673,0.35739697305920026
E0,2025-02-25,Chelsea,Southampton,1.17,8.55,14.69,0.8547008547008548,0.11695906432748537,0.06807351940095303,0.8220384409219695,0.11248947086300636,0.06547208821502412
E0,2025-02-26,Brentford,Everton,2.02,3.68,3.59,0.49504950495049505,0.2717391304347826,0.2785515320334262,0.47357742520593915,0.2599528257923905,0.2664697490016705
E0,2025-02-26,Man United,Ipswich,1.52,4.55,5.83,0.6578947368421053,0.21978021978021978,0.17152658662092624,0.6270432416716111,0.20947378622875795,0.163482972099631
E0,2025-02-26,Nottingham Forest,Arsenal,3.94,3.48,1.98,0.25380710659898476,0.28735632183908044,0.5050505050505051,0.24259580041404366,0.2746630613883138,0.4827411381976425
E0,2025-02-26,Tottenham,Man City,3.22,4.09,2.04,0.3105590062111801,0.24449877750611249,0.49019607843137253,0.2971134740155686,0.23391329739123004,0.4689732285932014
E0,2025-02-26,Liverpool,Newcastle,1.52,4.77,5.64,0.6578947368421053,0.20964360587002098,0.1773049645390071,0.6296587557927258,0.20064597668866732,0.16969526751860692
E0,2025-02-27,West Ham,Leicester,1.63,4.15,5.17,0.6134969325153374,0.24096385542168672,0.19342359767891684,0.5854624240390099,0.22995271112857496,0.18458486483241512
E0,2025-03-08,Nottingham Forest,Man City,3.88,3.89,1.89,0.2577319587628866,0.2570694087403599,0.5291005291005292,0.24689289252312913,0.2462582064240979,0.506848901052773
E0,2025-03-08,Brighton,Fulham,1.99,3.62,3.77,0.5025125628140703,0.27624309392265195,0.26525198938992045,0.48133034722344686,0.26459872678857993,0.2540709259879733
E0,2025-03-08,Crystal Palace,Ipswich,1.48,4.55,6.74,0.6756756756756757,0.21978021978021978,0.14836795252225518,0.6473081420628924,0.21055297807760018,0.14213887985950752
E0,2025-03-08,Liverpool,Southampton,1.12,9.97,19.5,0.8928571428571428,0.10030090270812436,0.05128205128205128,0.8548667803469683,0.09603317893566744,0.04910004071736433
E0,2025-03-08,Brentford,Aston Villa,2.26,3.8,2.95,0.4424778761061947,0.2631578947368421,0.3389830508474576,0.4235783109767618,0.2519176270546004,0.32450406196863785
E0,2025-03-08,Wolves,Everton,2.63,3.14,2.87,0.3802281368821293,0.3184713375796178,0.3484320557491289,0.3631140175919994,0.30413690008501854,0.33274908232298195
E0,2025-03-09,Chelsea,Leicester,1.2,7.67,12.34,0.8333333333333334,0.1303780964797914,0.08103727714748785,0.7976399757963524,0.12479373806461835,0.0775662861390294
E0,2025-03-09,Tottenham,Bournemouth,2.71,3.88,2.4,0.36900369003690037,0.2577319587628866,0.4166666666666667,0.353654275601197,0.24701110486578454,0.3993346195330183
E0,2025-03-09,Man United,Arsenal,5.41,3.58,1.72,0.18484288354898337,0.27932960893854747,0.5813953488372093,0.17678707802908936,0.2671558916584842,0.5560570303124264
E0,2025-03-10,West Ham,Newcastle,3.21,3.57,2.19,0.3115264797507788,0.2801120448179272,0.4566210045662101,0.2971844959118744,0.26721631145017277,0.43559919263795294
E0,2025-03-15,Everton,West Ham,2.11,3.27,3.81,0.47393364928909953,0.3058103975535168,0.26246719160104987,0.4547385710375035,0.29342458253490283,0.2518368464275938
E0,2025-03-15,Ipswich,Nottingham Forest,3.8,3.59,1.99,0.2631578947368421,0.2785515320334262,0.5025125628140703,0.25201336244757144,0.26675509117013135,0.4812315463822972
E0,2025-03-15,Man City,Brighton,1.66,4.45,4.63,0.6024096385542169,0.2247191011235955,0.2159827213822894,0.5775122420206131,0.2154315329784759,0.20705622500091098
E0,2025-03-15,Southampton,Wolves,3.63,3.51,2.06,0.27548209366391185,0.2849002849002849,0.4854368932038835,0.26341271489305895,0.27241827779538574,0.4641690073115553
E0,2025-03-15,Bournemouth,Brentford,1.76,4.16,4.25,0.5681818181818182,0.24038461538461536,0.23529411764705882,0.5443081621594996,0.23028422245209593,0.2254076153884045
E0,2025-03-16,Arsenal,Chelsea,1.81,3.74,4.44,0.5524861878453039,0.267379679144385,0.2252252252252252,0.5286488344995766,0.25584341990487525,0.21550774559554808
E0,2025-03-16,Fulham,Tottenham,2.01,3.84,3.48,0.49751243781094534,0.2604166666666667,0.28735632183908044,0.47595845621233496,0.24913450442364407,0.274907039364021
E0,2025-03-16,Leicester,Man United,4.21,3.76,1.84,0.23752969121140144,0.26595744680851063,0.5434782608695652,0.226874442520594,0.2540269688860906,0.5190985885933155
E0,2025-04-01,Arsenal,Fulham,1.48,4.2,7.73,0.6756756756756757,0.23809523809523808,0.129366106080207,0.6477343463202081,0.22824924584616857,0.12401640783362329
E0,2025-04-01,Wolves,West Ham,2.57,3.2,2.92,0.38910505836575876,0.3125,0.3424657534246575,0.37268071664459723,0.29930920055519217,0.3280100828002106
E0,2025-04-01,Nottingham Forest,Man United,2.32,3.42,3.13,0.4310344827586207,0.29239766081871343,0.3194888178913738,0.41329544489316855,0.28036416144799736,0.3063403936588342
E0,2025-04-02,Bournemouth,Ipswich,1.38,5.23,7.72,0.7246376811594204,0.19120458891013384,0.1295336787564767,0.6931838081536089,0.18290509660649718,0.12391109523989383
E0,2025-04-02,Brighton,Aston Villa,2.09,3.81,3.27,0.47846889952153115,0.26246719160104987,0.3058103975535168,0.4571010313363345,0.25074571010313357,0.29215325856053176
E0,2025-04-02,Man City,Leicester,1.2,7.61,12.4,0.8333333333333334,0.1314060446780552,0.08064516129032258,0.7971548286814895,0.1257011556396567,0.07714401567885382
E0,2025-04-02,Newcastle,Brentford,1.73,4.31,4.21,0.5780346820809249,0.2320185614849188,0.23752969121140144,0.5517793989302016,0.22147989794646142,0.226740703123337
E0,2025-04-02,Southampton,Crystal Palace,5.5,4.01,1.62,0.18181818181818182,0.24937655860349128,0.6172839506172839,0.17341142301901702,0.23784609142259194,0.588742485558391
E0,2025-04-02,Liverpool,Everton,1.36,5.02,8.78,0.7352941176470588,0.19920318725099603,0.11389521640091117,0.7013538371449121,0.1900082108599762,0.10863795199511168
E0,2025-04-03,Chelsea,Tottenham,1.64,4.5,4.57,0.6097560975609756,0.2222222222222222,0.2188183807439825,0.5802797984187269,0.21147974875704714,0.20824045282422587
E0,2025-04-05,Everton,Arsenal,5.15,3.44,1.78,0.1941747572815534,0.29069767441860467,0.5617977528089888,0.1855166605062079,0.2777356981415613,0.5367476413522309
E0,2025-04-05,Crystal Palace,Brighton,2.43,3.46,2.87,0.4115226337448559,0.28901734104046245,0.3484320557491289,0.3923103970038045,0.2755243539650997,0.3321652490310958
E0,2025-04-05,Ipswich,Wolves,2.74,3.28,2.65,0.36496350364963503,0.3048780487804878,0.37735849056603776,0.348513644637974,0.29113639826464904,0.36034995709737694
E0,2025-04-05,West Ham,Bournemouth,3.04,3.47,2.34,0.32894736842105265,0.2881844380403458,0.4273504273504274,0.3149382131858414,0.2759112876325527,0.40915049918160595
E0,2025-04-05,Aston Villa,Nottingham Forest,1.99,3.63,3.72,0.5025125628140703,0.27548209366391185,0.26881720430107525,0.4800409525739333,0.2631629464523767,0.25679610097369016
E0,2025-04-06,Brentford,Chelsea,3.2,3.73,2.15,0.3125,0.2680965147453083,0.46511627906976744,0.29883922416202424,0.256376814294498,0.4447839615434779
E0,2025-04-06,Fulham,Liverpool,4.24,3.7,1.86,0.23584905660377356,0.27027027027027023,0.5376344086021505,0.22596235930707503,0.2589406495843238,0.5150969911086012
E0,2025-04-06,Tottenham,Southampton,1.39,5.32,7.12,0.7194244604316548,0.18796992481203006,0.1404494382022472,0.6865760377016495,0.17938734819648358,0.13403661410186696
E0,2025-04-06,Man United,Man City,3.33,3.61,2.13,0.3003003003003003,0.2770083102493075,0.4694835680751174,0.28687671386199565,0.2646258884100957,0.44849739772790864
E0,2025-04-07,Leicester,Newcastle,6.4,4.44,1.5,0.15625,0.2252252252252252,0.6666666666666666,0.14907332796132153,0.21488047273704,0.6360461993016384
E0,2025-04-12,Man City,Crystal Palace,1.5,4.7,5.95,0.6666666666666666,0.2127659574468085,0.1680672268907563,0.6364360491579426,0.20311788802913064,0.1604460628129267
E0,2025-04-12,Brighton,Leicester,1.27,5.89,10.98,0.7874015748031495,0.16977928692699493,0.09107468123861566,0.7511542200608383,0.16196364337474783,0.0868821365644139
E0,2025-04-12,Nottingham Forest,Everton,2.11,3.33,3.67,0.47393364928909953,0.3003003003003003,0.2724795640326976,0.45278258388876336,0.2868982738754627,0.26031914223577407
E0,2025-04-12,Southampton,Aston Villa,5.65,4.42,1.55,0.17699115044247787,0.22624434389140272,0.6451612903225806,0.16882076808397914,0.21580030309377427,0.6153789288222465
E0,2025-04-12,Arsenal,Brentford,1.61,4.16,5.35,0.6211180124223602,0.24038461538461536,0.1869158878504673,0.5924332727306606,0.22928306949431818,0.17828365777502125
E0,2025-04-13,Chelsea,Ipswich,1.25,6.57,9.7,0.8,0.15220700152207,0.10309278350515465,0.7580784260079817,0.14423105517655663,0.09769051881546156
E0,2025-04-13,Liverpool,West Ham,1.3,5.89,9.45,0.7692307692307692,0.16977928692699493,0.10582010582010583,0.736225653913561,0.16249462650044644,0.10127971958599254
E0,2025-04-13,Wolves,Tottenham,2.23,3.55,3.14,0.4484304932735426,0.28169014084507044,0.3184713375796178,0.42765013024779697,0.2686365606908696,0.3037133090613335
E0,2025-04-13,Newcastle,Man United,1.65,4.21,4.73,0.6060606060606061,0.23752969121140144,0.2114164904862579,0.5744613334179545,0.22514517818043348,0.20039348840161203
E0,2025-04-14,Bournemouth,Fulham,2.15,3.58,3.3,0.46511627906976744,0.27932960893854747,0.30303030303030304,0.4440351800345787,0.2666691723671352,0.28929564759828613
E0,2025-04-16,Newcastle,Crystal Palace,1.71,3.96,4.75,0.5847953216374269,0.25252525252525254,0.21052631578947367,0.5580923389142567,0.24099441907661087,0.2009132420091324
E0,2025-04-19,Brentford,Brighton,2.5,3.61,2.7,0.4,0.2770083102493075,0.37037037037037035,0.3819058067549565,0.26447770550897265,0.3536164877360708
E0,2025-04-19,Crystal Palace,Bournemouth,2.54,3.54,2.69,0.39370078740157477,0.2824858757062147,0.3717472118959108,0.3756923950952388,0.26956459987059506,0.35474300503416606
E0,2025-04-19,Everton,Man City,3.8,3.65,1.96,0.2631578947368421,0.273972602739726,0.5102040816326531,0.2512644001123911,0.26159033436358525,0.4871452655240236
E0,2025-04-19,West Ham,Southampton,1.49,4.49,6.44,0.6711409395973155,0.22271714922048996,0.15527950310559005,0.6397072650565361,0.2122859298294518,0.1480068051140122
E0,2025-04-19,Aston Villa,Newcastle,2.36,3.63,2.85,0.42372881355932207,0.27548209366391185,0.3508771929824561,0.40351739389897145,0.262341886942582,0.3341407191584465
E0,2025-04-20,Fulham,Chelsea,2.82,3.52,2.43,0.3546099290780142,0.2840909090909091,0.4115226337448559,0.3376518793965088,0.27050519883470314,0.391842921768788
E0,2025-04-20,Ipswich,Arsenal,7.83,4.81,1.4,0.1277139208173691,0.2079002079002079,0.7142857142857143,0.12164390886280829,0.1980190865687711,0.6803370045684206
E0,2025-04-20,Man United,Wolves,2.0,3.58,3.72,0.5,0.27932960893854747,0.26881720430107525,0.4770324096627217,0.26649855288420204,0.2564690374530762
E0,2025-04-20,Leicester,Liverpool,11.76,6.63,1.23,0.08503401360544217,0.15082956259426847,0.8130081300813008,0.08107189191607389,0.14380172683756093,0.775126381246365
E0,2025-04-21,Tottenham,Nottingham Forest,2.47,3.71,2.66,0.4048582995951417,0.2695417789757412,0.37593984962406013,0.38545454545454544,0.25662337662337664,0.3579220779220779
E0,2025-04-22,Man City,Aston Villa,1.85,4.06,3.93,0.5405405405405405,0.24630541871921185,0.2544529262086514,0.5191021983062922,0.23653671597700518,0.2443610857167025
E0,2025-04-23,Arsenal,Crystal Palace,1.41,4.66,8.13,0.7092198581560284,0.2145922746781116,0.12300123001230011,0.6775036346761518,0.20499573495565965,0.11750063036818867
E0,2025-04-26,Chelsea,Everton,1.58,4.08,5.91,0.6329113924050632,0.24509803921568626,0.1692047377326565,0.6043762688923979,0.23404767275735017,0.1615760583502519
E0,2025-04-26,Brighton,West Ham,1.67,4.14,4.76,0.5988023952095809,0.24154589371980678,0.21008403361344538,0.5700532841183243,0.22994903006705356,0.19999768581462218
E0,2025-04-26,Newcastle,Ipswich,1.18,7.72,14.89,0.8474576271186441,0.1295336787564767,0.0671591672263264,0.8116240416972038,0.12405652450812184,0.06431943379467431
E0,2025-04-26,Southampton,Fulham,5.17,4.11,1.64,0.19342359767891684,0.24330900243309,0.6097560975609756,0.18483104319140942,0.23250036333323273,0.5826685934753577
E0,2025-04-26,Wolves,Leicester,1.51,4.38,6.24,0.6622516556291391,0.22831050228310504,0.16025641025641024,0.6302245465487901,0.21726919298828154,0.15250626046292837
E0,2025-04-27,Bournemouth,Man United,1.67,4.13,4.77,0.5988023952095809,0.24213075060532688,0.20964360587002098,0.5699749154445058,0.2304741183516525,0.1995509662038417
E0,2025-04-27,Liverpool,Tottenham,1.25,6.57,9.98,0.8,0.15220700152207,0.1002004008016032,0.7601618899996639,0.14462745243524805,0.09521065756508815
E0,2025-05-01,Nottingham Forest,Brentford,2.17,3.55,3.27,0.4608294930875576,0.28169014084507044,0.3058103975535168,0.439584366799329,0.2687036833674772,0.2917119498331939
E0,2025-05-02,Man City,Wolves,1.4,5.14,7.49,0.7142857142857143,0.19455252918287938,0.13351134846461948,0.6852650203095019,0.18664806000647913,0.12808691968401903
E0,2025-05-03,Aston Villa,Fulham,1.79,3.88,4.32,0.5586592178770949,0.2577319587628866,0.23148148148148145,0.5331365539001768,0.24595732770137027,0.2209061183984529
E0,2025-05-03,Everton,Ipswich,1.47,4.4,7.07,0.6802721088435374,0.22727272727272727,0.14144271570014144,0.6485035095655726,0.2166591270594072,0.13483736337502006
E0,2025-05-03,Leicester,Southampton,2.33,3.62,2.93,0.4291845493562232,0.27624309392265195,0.341296928327645,0.4100262485455059,0.2639119224063615,0.32606182904813263
E0,2025-05-03,Arsenal,Bournemouth,2.08,3.6,3.47,0.4807692307692307,0.2777777777777778,0.2881844380403458,0.4593052328146601,0.2653763567373592,0.2753184104479807
E0,2025-05-04,Brentford,Man United,1.67,4.14,4.74,0.5988023952095809,0.24154589371980678,0.21097046413502107,0.5695726376650064,0.22975514611124656,0.20067221622374695
E0,2025-05-04,Brighton,Newcastle,2.86,3.77,2.31,0.3496503496503497,0.26525198938992045,0.4329004329004329,0.3336986301369863,0.2531506849315069,0.4131506849315068
E0,2025-05-04,West Ham,Tottenham,2.1,3.73,3.31,0.47619047619047616,0.2680965147453083,0.3021148036253776,0.4550742159135726,0.25620800359745377,0.28871778048897356
E0,2025-05-04,Chelsea,Liverpool,2.18,3.71,3.14,0.4587155963302752,0.2695417789757412,0.3184713375796178,0.4382373299626821,0.2575087275791501,0.30425394245816784
E0,2025-05-05,Crystal Palace,Nottingham Forest,2.29,3.38,3.15,0.4366812227074236,0.2958579881656805,0.31746031746031744,0.41588706558805033,0.28176963911143055,0.30234329530051907
E0,2025-05-10,Fulham,Everton,1.87,3.55,4.32,0.53475935828877,0.28169014084507044,0.23148148148148145,0.5103001706990007,0.26880600541045957,0.2208938238905397
E0,2025-05-10,Ipswich,Brentford,4.94,4.2,1.65,0.20242914979757085,0.23809523809523808,0.6060606060606061,0.19341873901029893,0.22749727874068493,0.5790839822490162
E0,2025-05-10,Southampton,Man City,13.37,7.58,1.19,0.07479431563201197,0.13192612137203166,0.8403361344537815,0.071432926998276,0.12599712849168207,0.802569944510042
E0,2025-05-10,Wolves,Brighton,2.73,3.47,2.54,0.3663003663003663,0.2881844380403458,0.39370078740157477,0.34946136369944214,0.27493646193068505,0.3756021743698728
E0,2025-05-10,Bournemouth,Aston Villa,2.45,3.68,2.71,0.4081632653061224,0.2717391304347826,0.36900369003690037,0.38913232637357914,0.2590690759824101,0.3517985976440107
E0,2025-05-11,Newcastle,Chelsea,2.13,3.76,3.18,0.4694835680751174,0.26595744680851063,0.31446540880503143,0.447167059351509,0.25331538202625375,0.29951755862223717
E0,2025-05-11,Man United,West Ham,1.92,3.72,3.83,0.5208333333333334,0.26881720430107525,0.2610966057441253,0.4956790381163112,0.2558343422535799,0.24848661963010896
E0,2025-05-11,Nottingham Forest,Leicester,1.33,5.34,8.83,0.7518796992481203,0.18726591760299627,0.11325028312570781,0.7144456751158742,0.17794246215432824,0.10761186272979759
E0,2025-05-11,Tottenham,Crystal Palace,2.65,3.68,2.5,0.37735849056603776,0.2717391304347826,0.4,0.35969816632130436,0.25902177737811316,0.3812800563005826
E0,2025-05-11,Liverpool,Arsenal,2.06,3.54,3.57,0.4854368932038835,0.2824858757062147,0.2801120448179272,0.46318775564058584,0.26953863746316575,0.2672736068962484
E0,2025-05-16,Aston Villa,Tottenham,1.32,5.95,8.45,0.7575757575757576,0.1680672268907563,0.1183431952662722,0.7256568834748973,0.16098606490535536,0.11335705161974728
E0,2025-05-16,Chelsea,Man United,1.46,4.9,6.51,0.684931506849315,0.2040816326530612,0.15360983102918588,0.6569311498097105,0.19573866912697496,0.1473301810633145
E0,2025-05-18,Everton,Southampton,1.4,4.79,7.93,0.7142857142857143,0.20876826722338204,0.12610340479192939,0.6808184583287777,0.19898660577459057,0.12019493589663163
E0,2025-05-18,West Ham,Nottingham Forest,2.8,3.4,2.53,0.35714285714285715,0.29411764705882354,0.3952569169960475,0.3412679520749028,0.2810441958263905,0.3776878520987067
E0,2025-05-18,Brentford,Fulham,1.93,3.9,3.64,0.5181347150259068,0.25641025641025644,0.2747252747252747,0.49380482951976135,0.24437008230080495,0.26182508817943384
E0,2025-05-18,Leicester,Ipswich,2.33,3.59,2.94,0.4291845493562232,0.2785515320334262,0.3401360544217687,0.4095772133723976,0.26582587943111047,0.324596907196492
E0,2025-05-18,Arsenal,Newcastle,2.01,3.59,3.7,0.49751243781094534,0.2785515320334262,0.27027027027027023,0.4754813698502644,0.266216588690538,0.2583020414591976
E0,2025-05-19,Brighton,Liverpool,2.63,3.82,2.46,0.3802281368821293,0.2617801047120419,0.4065040650406504,0.3626358360088911,0.2496681279328229,0.38769603605828595
E0,2025-05-20,Crystal Palace,Wolves,2.27,3.32,3.26,0.44052863436123346,0.30120481927710846,0.3067484662576687,0.42015854160358385,0.2872770751325709,0.2925643832638452
E0,2025-05-20,Man City,Bournemouth,1.55,4.51,5.49,0.6451612903225806,0.22172949002217296,0.18214936247723132,0.6150015275745842,0.21136416136155334,0.17363431106386254
E0,2025-05-25,Bournemouth,Leicester,1.33,5.61,8.35,0.7518796992481203,0.17825311942959002,0.11976047904191617,0.7161486799479593,0.16978212911422208,0.11406919093781866
E0,2025-05-25,Fulham,Man City,5.15,4.28,1.61,0.1941747572815534,0.2336448598130841,0.6211180124223602,0.18511563682863078,0.22274428263258142,0.5921400805387879
E0,2025-05-25,Ipswich,West Ham,2.99,3.85,2.21,0.33444816053511706,0.2597402597402597,0.45248868778280543,0.3195332714934336,0.2481570082507445,0.43230972025582187
E0,2025-05-25,Liverpool,Crystal Palace,1.4,5.65,6.27,0.7142857142857143,0.17699115044247787,0.1594896331738437,0.6797758738138869,0.16844003952910475,0.15178408665700827
E0,2025-05-25,Man United,Aston Villa,4.37,4.16,1.73,0.22883295194508008,0.24038461538461536,0.5780346820809249,0.2185079593515929,0.22953840922270696,0.5519536314257001
E0,2025-05-25,Newcastle,Everton,1.32,5.6,8.77,0.7575757575757576,0.17857142857142858,0.11402508551881414,0.7213823655560191,0.1700401290239188,0.10857750542006217
E0,2025-05-25,Nottingham Forest,Chelsea,3.09,3.72,2.2,0.3236245954692557,0.26881720430107525,0.45454545454545453,0.30910079767947796,0.25675308194343727,0.43414612037708483
E0,2025-05-25,Southampton,Arsenal,9.45,5.83,1.29,0.10582010582010583,0.17152658662092624,0.7751937984496123,0.1005378004323258,0.16296435919133423,0.73649784037634
E0,2025-05-25,Tottenham,Brighton,4.23,4.43,1.71,0.23640661938534277,0.22573363431151244,0.5847953216374269,0.22580818242790077,0.21561368209255538,0.5585781354795439
E0,2025-05-25,Wolves,Brentford,2.71,3.76,2.43,0.36900369003690037,0.26595744680851063,0.4115226337448559,0.3526129123137424,0.25414388094953244,0.3932432067367251
